customer_id,name,email,phone_number,city,registration_date
V9NI97D1,Caitlin Braun,caitlinbraun941@yahoo.com,5286614506,Robertsview,2021-06-13
NNV7CWF1,John Brown,johnbrown577@yahoo.co,4852036208,Combston,2023-11-23
EOKPZD9O,Barbara Walls,barbarawalls@gmail.org,5415703780,New Mary,2025-06-17
6WHZXW6T,Lynn Coleman,lynncoleman@yahoo.org,8017509883,Donnaburgh,2024-01-30
RCES5GL5,James Stevenson,jamesstevenson@gmail.co,2118584312,North Morgan,2022-12-07
SBHTZX40,Christina Woods,christinawoods821@outlook.net,8755998733,New Richard,2022-03-07
7HVNEL8O,Mark Crawford,markcrawford@hotmail6.co,1229737273,Sherryland,2024-02-02
X53CDDJX,Steven Fox,stevenfox@outlook.us,9257984507,Carpenterville,2023-10-22
7QBSLAS9,Melissa Garcia,melissagarcia@gmail.com,3986085436,south jacobview,2025-04-24
RVCTGZXG,Robert Johnson,robertjohnson@yahoo.us,+12465298356,Samuelmouth,2023-01-12
7FMRUSDT,Sean Maldonado,seanmaldonado425@yahoo14.com,+15566519595,South Karenton,2021-06-08
DB7HITDK,Emily Brown,emilybrown@example.co,8869177686,Weaverton,2024-04-17
Z107MMW3,Robert Gillespie,robertgillespie@hotmail.us,5018036958,Walkerton,2025-01-26
R5GKLOWA,Matthew Mooney,matthewmooney@outlook.net,9265916460,South Michael,2025-03-22
8GIWSCNW,Joshua Dawson,,9151348796,Port Sabrina,2024-04-23
X5PVJMB9,Blake Gentry,blakegentry864@outlook.co,8957663903,West Stevenbury,2022-06-15
R7KZQA0D,Ricky Harvey,rickyharvey@gmail.org,8233667288,Elliottborough,2023-09-05
XFYJRG2A,Richard Castro,richardcastro@hotmail.org,7269682469,Melissaside,2023-07-08
O9AE163V,Helen Taylor,helentaylor390@gmail.net,6599278108,North Jonathanton,2023-03-05
T8VWF7KW,Kelly Durham,kellydurham770@hotmail.us,1607305693,East Marc,2024-04-10
LRUTR0AT,Jeanette Harper,jeanetteharper@yahoo.us,2809716953,Craigton,2022-08-27
1CFOXXGB,Cameron Mcclain,cameronmcclain@gmail.us,5003662298,Perezberg,2024-09-08
85EV1VKJ,Anthony Rivera,anthonyrivera@example.us,9702109600,Thomasfurt,2025-07-16
MGYRZD7Q,Matthew Guzman,,+18202134009,robertmouth,2023-03-17
VUUKERLG,Jamie Shannon,jamieshannon759@yahoo.com,8475268159,South Breannastad,2023-04-24
4XKDB6XL,Jeremy Mann,jeremymann147@outlook9.us,+16025912661,West Robert,2024-08-23
J94AJNVV,Katherine West,katherinewest341@yahoo.net,1953608171,North Elizabethchester,2025-03-23
PLORS20I,Jacob Jacobs,jacobjacobs@gmail.us,+12839092589,rogersside,2023-11-18
XZPIV851,Christina Brown,christinabrown@yahoo.net,3841003743,Larsenhaven,2024-01-26
PBNYVKW8,Karen Watson,karenwatson@yahoo.com,5205748629,Port Alicia,2022-07-10
NEZ5YMNB,Charles Roth,charlesroth@yahoo.org,3791667916,Michaelfurt,2024-08-11
LPZ32BP0,James Adams,jamesadams@gmail.us,5899531927,West Travis,2022-12-21
HF2BJUY8,Aaron Mathis,aaronmathis@hotmail.co,8765092331,Port Sherri,2021-12-01
45EUBF4V,Nicholas Richardson,nicholasrichardson271@yahoo.org,4206843524,Reginamouth,2024-04-03
5HZYQZM0,Crystal Thomas,crystalthomas@yahoo.com,2781208826,Hernandeztown,2025-03-15
GIXSIDIY,Todd Baker,toddbaker@outlook.com,NONE,New Williamtown,2025-03-03
HE5U9YDS,Regina Campbell,reginacampbell@outlook2.com,+12191538113,lake katie,2023-01-12
UF209LGI,Kenneth Stephens,kennethstephens@gmail.org,+16876275090,New Russellstad,2022-02-11
EX0N4FKJ,Michael Rhodes,michaelrhodes662@gmail19.net,+15765926664,Philipchester,2022-02-01
AFBMWPJN,Mr. Matthew Martin,mrmatthewmartin@gmail.com,8686507074,Taylorfort,2022-07-21
2DC6J109,Ronald Booth,ronaldbooth189@gmail.us,4379165425,Danielchester,2022-09-17
570XNSZB,Katie Hammond,katiehammond@hotmail.org,9979078634,Port Ryan,2024-12-29
7LIISU47,Hunter Smith,huntersmith@hotmail.com,7466807729,Lake Edward,2022-03-03
F8WRLZOC,Samantha Stewart,,9007453386,Clarkshire,2025-04-12
IKNV501Q,Victor Hall,victorhall@example.com,NONE,Lake Joanna,2021-10-09
PWM2MSE3,Kelsey White,kelseywhite@example.com,2466363305,North Matthewport,2022-01-26
8WXZ5ZS2,Richard Torres,richardtorres@gmail.net,8015861260,Karaberg,2021-07-21
ULXYXZE3,Joshua Brown,joshuabrown@hotmail.co,9351843335,South Antonio,
6CJ7P6M4,Dalton Taylor,daltontaylor322@hotmail.co,+19647872951,Flowerschester,2022-10-26
3L7OR7ZW,Bryan Whitehead,bryanwhitehead44@yahoo.us,5572957588,West Larrytown,2025-03-23
5PYCC1NP,Rebecca Pittman,rebeccapittman@gmail.org,6094381263,Jeremyview,2025-07-13
W9CFOIFO,Danielle Johnson,daniellejohnson@gmail19.net,+15673475971,South Joseph,2022-11-16
IOTQHP3D,Katherine Williams,katherinewilliams459@hotmail.com,7632714746,davidstad,2025-03-20
7J6RC0NC,Mary Colon,marycolon663@example.org,+19659748415,Garrettmouth,2023-06-07
QJSSA2EG,Veronica Davila,veronicadavila@gmail.net,+16662885402,Andersenshire,2024-01-27
VBMV5Y8Z,Troy Vargas,troyvargas@example.net,9373409050,Holdermouth,2021-12-21
T41KRTQX,Ian Bryan,ianbryan258@example.net,8162305944,West Heather,2022-08-15
12SU8CBI,Susan Liu,susanliu@hotmail14.us,+13522474414,west leonardhaven,2022-08-07
MYQG7MGB,Tracy Abbott,tracyabbott119@yahoo2.us,8255303608,Mcknightland,2022-04-21
7LDBKT36,Amanda Sullivan,amandasullivan@gmail.us,3411523529,Brianmouth,2024-07-23
LSLHT7E6,Daniel Rivera,danielrivera@outlook.co,9919463562,South Joshuaside,2022-06-29
8MP13MO9,Nichole Martin,nicholemartin@yahoo16.us,5119226177,Fryborough,2021-09-03
1X57GMNM,Mary Ramsey,maryramsey@hotmail.com,2074205755,Port Melissabury,2023-04-05
8CU8YAT3,Jose Rodriguez,joserodriguez@yahoo.com,3609112296,Lake Briana,2022-08-07
TKMBAAVN,Jennifer Willis,jenniferwillis12@gmail5.us,4242609797,Rodneybury,2024-01-07
HHSOC5UW,Michael Johnson,michaeljohnson@gmail16.co,+11592205270,West Sarah,2025-07-11
LJWBEHHJ,Patrick Williams,patrickwilliams806@outlook.net,1627108438,Port Thomas,2023-11-04
SXSR0CBY,Terry Gray,terrygray564@outlook.org,4348065613,South Mikeburgh,2023-09-17
IO9MH9SO,Ryan Pierce,ryanpierce450@hotmail.us,5463222154,Thomasmouth,2023-12-14
9T6S78DE,Rebekah Johnson,rebekahjohnson@gmail.co,5758939676,Port Anthonyville,2021-01-05
V1FMPTQB,Lucas Ramirez,,+15923931417,North Stevenville,2025-08-25
OCY3O4UO,Christine Dalton Md,christinedaltonmd@yahoo.com,NONE,New Monica,2020-12-07
1F2LI98I,Valerie Zavala,valeriezavala@yahoo.net,2802142945,Port Rachelton,2021-03-23
XYA9J1YU,Jermaine Mendez,jermainemendez675@outlook.org,1312365536,Coryborough,2024-08-21
OIMTS6S5,Kenneth Morales,kennethmorales@hotmail.co,9068697443,Thomasstad,2020-10-13
XI1PY5A1,Thomas Diaz,thomasdiaz@yahoo.co,4846883633,Mcphersonton,2024-07-18
DT81QOVA,David Anderson,davidanderson955@yahoo.com,2319537098,New Moniquetown,2023-02-07
A9ZGA4G3,Andrew Harris,andrewharris@example.co,1695519225,Thomasmouth,2024-01-24
OCTVEYW2,Lynn Duncan,lynnduncan@yahoo.us,6322702653,Ramoston,2024-03-28
MER0PW04,Mr. Colin Bell,mrcolinbell834@yahoo19.org,1638297078,West Lindseytown,2022-03-17
L08AR7TA,Elizabeth Hunter,elizabethhunter@hotmail.net,+11442582167,Wilsonmouth,2022-05-30
U6XFLD6T,Danielle Whitehead,daniellewhitehead@hotmail.org,9219445698,New Wendy,2025-02-05
6GLFHT9P,Eric Barnes,ericbarnes@yahoo.co,9154348139,Robertchester,2021-02-26
XEWBTDHL,Jessica Reynolds,jessicareynolds@example.com,7067607185,Aprilhaven,2022-12-19
4P436SP0,Kimberly Hopkins,kimberlyhopkins@gmail.net,3168432944,East Seanville,2022-12-26
V8IQBVIQ,Chelsea Peters,chelseapeters973@gmail.org,4431388184,East Melissa,2022-06-15
WYDH0YZ0,Morgan Hall,,2416303550,Williamsberg,2022-08-14
01MTLN5V,Chelsea Patterson,chelseapatterson784@hotmail.net,6995884848,New Charleston,2021-06-04
2ZUQ6OHA,Earl Edwards,earledwards@hotmail.com,8041751134,North Darren,2021-07-08
Y3PVHYN6,Sierra Smith,sierrasmith@example6.us,+14097849944,Riveraside,2024-07-15
R7DRWRLU,Felicia Reed,feliciareed@yahoo.com,1727469337,Toddburgh,2025-02-20
GX43Y4AV,Victoria Perez,victoriaperez@gmail8.us,7852821535,Fieldsview,2022-11-02
62IZIYN4,Kathleen Riggs,kathleenriggs539@yahoo4.com,7333037396,Robertfurt,2020-11-30
HD1ALBPZ,Jessica Jones Md,jessicajonesmd@hotmail10.co,4876965572,Port Williamborough,2022-09-16
R1OXVSXS,Mary Carr,marycarr@example.net,7736068823,West Sandra,2025-01-22
H1FEABMN,Jeffrey Glover,jeffreyglover244@yahoo.us,3574158021,Tonyfort,2024-10-03
EEOBKWL4,Brian Hatfield,brianhatfield83@example.us,5036174166,Garrettland,2022-08-19
MWQ3JLNI,Dustin Fitzgerald,dustinfitzgerald@outlook18.net,2474548738,East Ariana,2024-04-22
KP5OMYF4,Annette Blankenship,annetteblankenship@gmail.org,9687783717,West Jeffrey,2023-12-07
INQLEIQD,Vincent Brown,vincentbrown@example.co,9028877284,Wandashire,2021-04-10
CQ96XVW4,Dr. Tara Monroe,drtaramonroe@yahoo.net,7616868944,Thompsonfort,2022-05-15
MUBTNQQV,James Odom,jamesodom@hotmail.org,5812199912,South Jennifer,
HBM50KQG,Scott King,scottking@gmail.co,7612838359,New Robinborough,2021-10-31
2BPMJKIW,Adam Swanson,adamswanson@yahoo.co,7357252719,Santosmouth,2021-11-13
IMVLCFQT,Anne Guerra,anneguerra@yahoo.co,+17612787730,South Charlesbury,2021-12-01
6ULTBRDF,Luis Butler,,6546006526,Jonesstad,2023-11-27
B39OEVOQ,Brenda Smith,brendasmith614@example.org,+16921178860,East Lisa,2022-06-17
1EXFBEM1,April Hess,,+15087353149,Allenton,2025-06-25
56KVAIGH,Shelley Dixon,shelleydixon887@gmail.us,4868387886,South Clintonmouth,2022-02-12
KP6JF4PF,Shelby Baker,shelbybaker@example19.com,2204366659,Port Janet,2022-11-13
SG4WGV36,Lee Williams,leewilliams@hotmail.net,3554685704,Michaelmouth,2022-08-31
IOKNOTAZ,Julia Russell,juliarussell735@gmail.org,5065572836,Port Jamesborough,2021-04-10
D6Y3WILV,Mr. Henry Jones Dds,mrhenryjonesdds@example.co,+19994765570,Campbellstad,2022-01-27
57S9E5DP,David Porter,davidporter@gmail.co,3633813608,whitemouth,2021-02-06
GHQ055UN,Rebecca Alvarado,rebeccaalvarado@hotmail.org,6792438396,Leebury,2024-10-19
YAMP1I0I,Nicholas Baker,nicholasbaker173@outlook.net,2525661955,Christianside,2024-06-12
X0ZOPKKQ,Brian Harris,brianharris@example.net,NONE,Lake Alexanderville,2023-03-10
6RQCU1NA,David Cross,davidcross982@outlook.com,1537278782,Louishaven,2020-09-25
NQITG2OG,Jennifer Lara,jenniferlara@yahoo.org,2562193555,South Steven,2022-08-21
X7PC1EG6,Jodi Nelson,jodinelson818@gmail.com,7756977003,North Melissa,2022-12-07
WWF4MXYS,Jennifer Cruz,jennifercruz@outlook.net,NONE,Kristentown,2022-07-17
739PI87C,Jeffrey Gibson,jeffreygibson399@yahoo.net,2464783092,Stephanieborough,2024-04-17
65EUA24B,Benjamin Byrd,benjaminbyrd@yahoo.co,+18756038621,amytown,2025-03-16
OXNEKS64,Joseph Miller,josephmiller@yahoo.net,7171954338,Port April,2021-09-18
OD52Q7Z5,Thomas Reid,thomasreid@example15.org,9415074894,Lake Laurabury,2022-01-23
HNCCJEEG,Christopher Wallace,christopherwallace@gmail10.us,8861198709,East Randyfort,2020-09-14
PT9QBUM0,Mike Richardson,mikerichardson@outlook.org,+13655351438,Port Patricia,2024-01-02
J2KV61GH,Katherine Johnson,katherinejohnson@hotmail.co,6885365181,Kimmouth,2024-06-22
7DYQ6XYD,Renee Davis,reneedavis112@outlook.net,4549681430,South Sarah,2021-08-22
YNSRL6II,Jamie Hicks,jamiehicks@gmail.co,9102808473,lewisview,2022-01-18
0154B9AJ,Matthew Roberts,matthewroberts937@example.net,8278441751,South Josephshire,2022-10-17
Y611ECXL,Monica Hughes,monicahughes@outlook.com,7236274146,New Lawrenceside,2021-10-17
4N6EI12J,Sandra Williams,sandrawilliams@example.co,2146532674,Lake Amanda,2022-11-20
P60J04TK,Stephanie Brown,stephaniebrown@hotmail.org,7815753043,Jasonborough,2021-10-28
KBTLL0IL,John Jensen,johnjensen@yahoo.co,6543191079,Jorgefort,2021-05-15
XEXAHBFF,Scott Brown,scottbrown@hotmail.org,6583435427,Andrewshire,2022-12-28
IIUUJE6C,Phillip Warner,phillipwarner@hotmail.net,8882219382,Port Angelachester,2023-01-01
P6M62CWD,Madison Rubio,madisonrubio@example.org,+18747616387,west janice,2021-06-21
72QQ37KS,Michele Barrett,michelebarrett@outlook18.com,5375951338,North Jennifer,2024-08-11
HX4JXHFV,Danielle Mcintyre,daniellemcintyre@gmail.net,+19892384370,South Amanda,2024-07-23
0LTF1NJA,Tricia Mckinney,triciamckinney@yahoo.net,4137257285,Campbellberg,2023-10-05
6SWM717S,Kimberly Edwards,kimberlyedwards@example12.us,5871656819,West Kevinburgh,2025-04-16
QP4XR6Q2,Laura Ballard,lauraballard3@yahoo19.net,5623221228,Lynchbury,2022-12-09
B7HBAHZV,Jeffrey Phelps,jeffreyphelps@example.co,2647395374,Brianmouth,2024-08-25
DI39Y685,Stephanie Thornton,stephaniethornton@hotmail.co,2178511663,Jessicashire,2024-10-08
9MYYMDDS,Natalie Allen,natalieallen@gmail17.com,6164624409,South Dominicport,2022-01-06
QKIZT56S,Matthew Hayes,matthewhayes@outlook.co,6276604972,Brownberg,2022-05-21
RKG04ZJC,Wendy Tanner,wendytanner@outlook9.us,2505603439,Catherinestad,2020-10-07
0GN99T5B,Tara Young,tarayoung@yahoo11.org,7576718384,port brianna,2020-09-17
ULHL3BKB,Taylor Rodriguez,taylorrodriguez364@gmail.com,2011614676,Petersenstad,2024-10-18
XD25DKO9,Debra Miranda,debramiranda@gmail.co,+12305121926,South Lauriestad,2021-11-04
5FZIKAJB,Susan Robbins,susanrobbins@outlook.org,2555108798,Bennettberg,2024-08-13
6TY5JL2D,Kimberly Villarreal,kimberlyvillarreal317@gmail.co,NONE,Lake Omar,2024-07-15
HYDTHIPC,Alexis Sparks,alexissparks@example.co,+13167715954,Jenniferberg,2024-01-06
21OWE279,Jacob Fritz,jacobfritz850@yahoo.net,1461855292,North Marie,2021-01-16
J53LTWHQ,Michael Fisher,michaelfisher105@yahoo.co,+14853233050,South Kelli,2021-04-30
SKFMAMR7,Latoya Brown,latoyabrown156@hotmail.co,9504519987,Laurabury,2022-10-07
IYCGZE9O,Lisa Cooper,lisacooper@yahoo.net,NONE,West Cherylside,2021-05-21
DF5X9ZX2,Amy Smith,amysmith@yahoo.us,+18938187148,mitchellmouth,2023-06-27
UB0L547C,Rachel Hall,rachelhall@outlook.co,8187828836,West Frankmouth,2025-04-17
FHFZBWW3,Jonathan Stanley,jonathanstanley747@hotmail.org,8185673052,gonzalezmouth,2021-04-21
L7CBK7G3,Jacob Gibson,jacobgibson@yahoo.net,7807928809,Brownfort,2025-05-22
J18N7A7A,Michael Ford,michaelford@example.com,9674863082,New Melanie,2021-09-13
GDN0W393,Hailey Turner,haileyturner@yahoo.com,+17993369852,New Angelview,2021-03-11
LH4V1CZN,Joanne Tran,joannetran567@yahoo.org,8425823002,West Lisatown,2023-01-07
QSPG9UB5,Jason Contreras,jasoncontreras@example.net,3945882099,Jonesborough,2024-10-28
8ZRE2VA1,Alan Smith,alansmith129@example6.net,5717984252,Reneeport,2023-04-07
G7KP344E,Ruth Vincent,ruthvincent@gmail.com,2033347857,Amandaborough,2023-01-04
5RLAQK80,Jeffrey Anderson,jeffreyanderson@outlook16.org,8666552069,Marthaside,2024-01-26
R2CQECW9,Nicole Hayes,nicolehayes@gmail.net,5536727692,Dominiqueberg,2024-04-18
BOGSOWAQ,Michele Moss,michelemoss@example.co,2765217597,Suttonland,2022-06-26
YFXQXG7N,Daniel Roberts,danielroberts@outlook.com,+14831648370,South Nancyport,2022-06-12
YHZ750ZK,Bethany Gould Dvm,bethanygoulddvm@yahoo.co,1901169838,North Matthew,2024-03-25
M390KA9W,Mary Goodman,,8385874943,South Jasonfurt,2024-09-01
3DXB0CQD,Erin Gallegos,eringallegos@yahoo.net,3473816771,South Paula,2021-11-24
9K9QDXU8,Michael Watson,michaelwatson@gmail.co,6886656685,Phillipsview,2024-05-26
SNRHTH7E,Ethan Dillon,ethandillon@yahoo.co,7596584877,South Angelamouth,2021-04-16
ZBS9L9B6,Shelby Frost,shelbyfrost@hotmail.org,6768723909,Ginashire,2023-05-03
Z2A9M6M1,Phillip Brown,phillipbrown@outlook10.net,8654155111,East Calvin,2021-04-15
I6BFFR7M,Michael Jones,michaeljones342@gmail2.com,+12842767459,Donnamouth,2023-04-22
NYGLMUF4,Nathan Graham,nathangraham@outlook.net,8305651972,Valenciaberg,2024-02-15
1PRAZS5J,Bonnie Mora,,7487471564,Alishamouth,
42S45FL9,Chelsea Chan,chelseachan888@yahoo.com,1504213054,Port Luistown,2025-07-31
AHE9T2JL,Thomas Miller,thomasmiller433@hotmail.org,8788729542,Willischester,2021-05-16
890M4P07,Donna Fletcher,donnafletcher@gmail.co,+14285456033,Carlyburgh,2023-03-03
C7KUXJPC,Tara Perez,taraperez544@gmail3.org,3932766544,Thompsonmouth,2021-05-21
GBX8K323,Jennifer Davis,jenniferdavis@example12.com,3742386506,South Kathleenville,2021-05-17
WZPW4W03,Tammy Hess,tammyhess@outlook.us,1337554540,Lake Chelsea,2021-08-13
EJD7VRFQ,Heather Tucker,heathertucker@hotmail.org,8052127870,Graytown,
G1AFJ8XA,Michael Huang,michaelhuang202@example1.us,2126575403,North Roy,
BBGDZTWK,Catherine Cannon,catherinecannon250@gmail.co,3876723920,priceborough,2022-04-10
LZGWGU86,Matthew Santos,matthewsantos955@hotmail.co,5941304684,North Heather,2023-11-10
FG8W3PEG,Todd Kennedy,toddkennedy94@hotmail.co,9751403432,East Mikayla,2020-11-16
F9LQJYH6,David Davis,daviddavis@yahoo19.net,9239591123,Townsendchester,2020-12-26
LN8Y7DXO,Sarah Spencer,sarahspencer81@hotmail.co,2784784636,East Nancyhaven,2022-09-04
I7X7U9NU,Larry Murphy,larrymurphy929@yahoo.co,4022491078,West Maurice,2022-06-07
QT84G5QF,Shane Smith,,5564292660,Annport,2022-11-18
DRAY01IW,Evelyn Landry,evelynlandry796@gmail.org,+16942732362,Langhaven,2022-05-09
AWV57I1L,Autumn Dixon,autumndixon@outlook.net,+12759497591,Larsenstad,2021-06-11
XAXVJD38,Thomas Hickman,thomashickman485@outlook12.com,3638289227,Jenkinsview,2021-08-29
6AUF5LID,Robert Hanson,roberthanson@hotmail19.net,7269618066,Heathermouth,2022-04-18
O4VAU1O2,Christian Simmons,,+12705777496,East Gabriel,2020-09-21
DOT7KE8K,Sharon Taylor,sharontaylor@gmail.com,7031583163,Farmerfurt,2025-06-15
OF9JPMFC,Shane Chavez,shanechavez@hotmail.co,4479962202,Blackburgh,2024-08-22
NSWIQSYN,Jessica Perez,jessicaperez388@example.net,4691499245,Noahhaven,2025-02-21
U27R7K9R,Thomas Grant,thomasgrant@yahoo.org,8791723178,Kathryntown,2024-11-14
I0JRDJ9H,Kevin Herrera,kevinherrera@hotmail.us,2235575675,New Lance,2025-02-04
DH4BHBDE,Ethan Sullivan,ethansullivan9@hotmail.org,4184963608,New Timothyland,2025-04-13
RHEYO1XR,Colin Salas,colinsalas@outlook.net,+18857318976,Lake Catherine,2025-07-30
21A4VUO0,Jessica Braun,jessicabraun@example.com,1908003755,Gomezmouth,2020-11-05
OKW16OZ6,Michael Hines,michaelhines@outlook.co,7756145493,Danielshire,
PWFQE2EF,Patricia Smith,patriciasmith@yahoo.net,5776641624,Edwardschester,2021-11-15
681FY31O,Michael Walker,michaelwalker732@example.co,+18442011164,Annetteton,
PEWM3LSJ,Kristen Berry,kristenberry@yahoo.net,+12397952401,East Pamelamouth,2023-04-20
ZD9RUUWH,Dawn Sharp,dawnsharp269@outlook.com,4422336579,East Beverly,2021-12-28
GK9PXDD2,David Mason,davidmason54@yahoo17.org,4609037540,West Beth,2023-07-22
YQMO8681,Laura Morgan,lauramorgan@yahoo11.com,1331467870,South Jamesview,2022-07-16
1A805UQO,Mitchell Walker,mitchellwalker567@yahoo.net,1132646103,Christopherside,2022-07-14
WIC4C9CH,Mary Cameron,marycameron761@yahoo.us,+14797525344,Kendrachester,2023-07-30
BN2LNB8M,Christian Whitaker,christianwhitaker@example.com,7105272363,Martinstad,2022-12-11
9LZ1B40Q,Joshua Santana,joshuasantana@hotmail.us,1915841134,Port Crystalmouth,2024-08-26
DJBW05O7,Mr. Roy Marshall,mrroymarshall@outlook.org,6914117564,Katherinefort,2024-04-16
LONPKCEP,Manuel Collins,manuelcollins270@gmail.net,9118349243,East Nicolehaven,2024-06-21
UF9ZCP5I,Laura King,lauraking@outlook.us,+18275409917,South Marcmouth,2022-06-21
4421YKK5,Emily Figueroa,emilyfigueroa@outlook.us,5547417349,new nathaniel,2023-11-17
XE9PEEEC,Ralph Wilson,ralphwilson@outlook10.net,8567879734,North William,2022-02-08
SWMG51S2,Larry Wilson,,4612908249,Justinbury,2025-07-11
WSRW47HN,Stacey Lara,staceylara826@hotmail.co,6773885315,East April,2023-02-23
KZGIUPLH,Jamie Simpson,jamiesimpson@outlook.org,+18883392367,New Mark,2021-11-28
D9DMKGLJ,Tyler Rogers Dds,tylerrogersdds@outlook.co,5309858679,Susanland,2024-07-24
9DVKKOAA,Jason Rogers,jasonrogers@example.org,8577294723,Markfort,2025-06-05
W9O5ZWF2,Derrick Green,derrickgreen@hotmail.net,+19835515442,Codyhaven,2023-12-16
MTE9PWSH,Jerry Ali,,+15147289937,New Andrewmouth,2024-04-30
K9SKCFAZ,Tamara Strong,,9334451354,Contrerasfort,2021-02-27
FRFO0VT6,Marisa Gilbert,marisagilbert279@yahoo.co,3027995151,Sarahburgh,2020-10-26
HG9BLIB9,Robert Torres,roberttorres@outlook.com,8134382703,East Jacquelinetown,2025-03-21
ALG28FKM,Katherine Garza,katherinegarza@yahoo.us,5944547459,Port Mark,2024-12-18
E3OFI15N,Christine Brown,christinebrown403@hotmail.com,+13309673704,New Nathanstad,2021-05-30
VEB3AX1W,Johnny Smith,johnnysmith@yahoo.us,+15848011856,kaylastad,2023-07-14
SE0A7FF5,Michael Mitchell,michaelmitchell@gmail.co,5158599091,South Jenniferborough,2022-08-03
EYXQOIX4,David Williams,davidwilliams577@hotmail10.co,8919017069,South Danielleborough,2025-03-09
JIN959S8,Brandy Burton,brandyburton@yahoo.net,8478451407,Leslieport,2022-11-24
N93YJ6CO,Brandon Johnson,brandonjohnson@gmail.com,3251805479,Wyattville,2025-07-27
UDYPJCL4,Justin Henson,justinhenson@hotmail14.com,4666141839,Port Michael,2021-09-01
X132Q50Z,Raymond Davis,,7992494000,West Briannastad,2022-01-25
3LESVCCU,David Collins,davidcollins598@hotmail.org,3312493571,Kristenmouth,2022-11-10
LVQPLR0F,Sheila Scott,,9349111641,South Donaldview,2025-02-10
UIBITBBW,Erika Strong,erikastrong216@outlook.us,8844274637,Amandahaven,2022-10-22
2V796URR,Debra Cowan,,+12165947467,Tiffanybury,2020-12-03
EC3EE99Q,Timothy Coleman,timothycoleman@example.us,8548122875,Marybury,2022-07-31
3DHEN3XS,April Brown,aprilbrown748@gmail.us,+13436941561,Lawrencebury,2022-08-26
HR2VBOTX,Morgan Waters,morganwaters@example.co,7691573959,Jacobborough,2022-10-15
8YG4YRTX,Brian Owens,brianowens364@example.org,3008586267,New Jessicaview,2022-01-08
M7EO18O0,Kelly Henderson,kellyhenderson@yahoo.net,4595392836,Seanchester,2023-02-26
L6XTX854,Steven Scott,stevenscott@hotmail.org,3247223963,Kimberlyport,2022-11-16
8WIL077F,Michael Tucker,michaeltucker@gmail.co,NONE,Tylerburgh,2023-06-07
8DZL6T68,Anna Clark,annaclark902@outlook.org,2268915174,Adrianfurt,2024-12-26
6PQ1J8I5,Michelle Buckley,michellebuckley@example.com,6738411054,South Randall,2021-02-24
979J6BL6,Brooke Evans,brookeevans395@example.com,NONE,Lisamouth,2024-03-24
V71L4HIL,Curtis Mullins,curtismullins@hotmail.com,4069985298,Veronicachester,2023-06-26
NHZHNLRT,Elizabeth Guerra,elizabethguerra@gmail.us,3883836832,new thomasville,2022-12-05
CBYX7L6Y,Daniel Powell,danielpowell125@example14.us,9354764551,South Jennifer,2024-12-22
02WZT1SM,Malik Green,malikgreen@hotmail.co,+13033933947,Lake Derek,2021-12-20
C4B4MVXE,Ashley Combs,ashleycombs@outlook.net,+15631289383,West Rebeccashire,2023-03-05
G7E5OWSY,Daniel Fox,danielfox@gmail.us,7782019660,West Christopher,2021-04-21
VR79Q35E,Charles Whitaker,charleswhitaker@example.us,6462233870,South Tyler,2022-12-14
U77SL41Q,Kiara Bray,kiarabray@yahoo.co,2583242244,Lake Angela,2022-09-25
WDH2JGHK,Kristie Stewart,kristiestewart93@example.org,8546242645,Port Jacobmouth,2023-04-29
G7VHEF87,Nancy Reed,nancyreed@yahoo.com,2126572904,Lake Mike,2022-11-10
A1142IFJ,Emma Brown,emmabrown288@hotmail.com,2798689151,North Stephen,2023-07-29
2LDD3C6S,Timothy Thomas,timothythomas@outlook.com,6592246157,Port Derekshire,2024-09-27
HC26ESUL,Randy Thompson,randythompson@gmail.org,6235301871,east patricia,2023-03-18
9YSOD3BA,Phillip Rivera,philliprivera@outlook.net,6249613869,East Diane,2021-06-07
GKGN1BP6,Tanya Murphy,,5152797501,port nathanielbury,2025-03-17
PQ5XQQ1X,Michael Mcpherson,michaelmcpherson607@example13.org,1066835751,North Jennifer,2025-03-30
UTW2X6L6,Lauren Smith,laurensmith@example1.com,+12235558046,Adamsport,
JEL2YA18,Ashlee Newton,ashleenewton@hotmail.net,7642331849,Jonesstad,2025-05-24
DXJICFHK,Joseph Thomas,josephthomas@hotmail.us,5001744930,Mcguireport,2022-10-11
SEPN51FB,Kristin Garcia,,2862803184,Jameshaven,2021-12-14
EF0JQ0WF,James Flores,jamesflores@outlook13.org,+15219139225,New Mark,2020-09-07
SEWV4IW2,Christopher Wilson,christopherwilson@hotmail.com,2461201050,West Aprilside,2023-12-03
5SA3N2UM,Brandon Brennan,brandonbrennan@hotmail.net,5512226567,Hernandezshire,2024-06-18
0IHT7Q3V,Robert Parker,robertparker@example6.co,+18962465348,Valerieville,2024-06-03
7BENUOIT,Shelly Smith,shellysmith165@yahoo.co,7646732280,Rodriguezborough,2024-07-26
7VGP9ST1,Rachel Jones,racheljones@yahoo.org,8367956937,East Robertchester,2021-06-02
Z73IX15A,Travis Freeman,travisfreeman@outlook18.us,8907825038,Johnstad,
EI9E3GPR,Anne Williams,annewilliams410@outlook.com,1874217762,North Sandra,2024-09-13
6RP5F66P,Emily Walker,emilywalker@outlook7.net,+19688664355,South Savannah,2023-12-25
SNIB9SL6,Rachel Erickson,rachelerickson@example.com,7096005145,Willischester,2022-03-27
U4U8NJMN,Randy Chambers,randychambers@hotmail.co,NONE,West Rebeccatown,2020-10-11
YQVC1SXQ,Brendan Farrell,brendanfarrell531@example.us,+15881293085,South Rubenport,2023-08-23
EFJMM8Q4,Mark Leach Dds,markleachdds973@outlook.com,1812949948,Lake Joel,2022-02-12
LTBNXEZE,Matthew Anderson,matthewanderson481@yahoo.us,8697502535,Brianshire,2025-05-16
L3M3JCF6,Christopher Howell,christopherhowell111@outlook.net,5026525843,New Jameschester,2024-03-10
PAGMMCD2,Nicholas Cain,nicholascain@example.org,2057179671,Danaberg,2022-10-31
V5V61E0D,Ashley Davila Md,ashleydavilamd@gmail.co,3537805233,Riggsport,2024-01-31
C6CTIRKP,Jonathan Clay,jonathanclay@yahoo.net,NONE,East Christopher,2020-09-01
9EAJ6WGK,Megan Haynes,meganhaynes374@outlook.net,4217813731,Lake Barry,2025-05-02
7YXYMUCN,Victoria Johnson,victoriajohnson573@example.co,9822537723,East Donna,2022-10-09
N7W686EM,Ellen Rodriguez,ellenrodriguez@hotmail1.net,1977977579,Riosburgh,2022-04-13
AXO9LR1S,Karina Garcia,karinagarcia@gmail.org,7929991020,Jamiemouth,2024-05-21
2LLX3KYR,Kerri Wood,kerriwood@gmail.org,3141009615,West Donald,2025-04-08
TH6UGR0N,Ian Lawson,ianlawson@hotmail.org,1658266821,Andrewsside,2024-07-07
79TRRXVN,Darryl Morse,darrylmorse@gmail.us,6876163907,New Kristinechester,2021-02-09
44716CJL,Ricky Kim,rickykim@gmail.org,4438885855,South Charlestown,2022-06-16
80GYEOQX,Lindsay Gomez,lindsaygomez@hotmail.com,+17536974056,New Kristin,2024-04-29
U442KCUT,Dr. Megan Rosario,drmeganrosario497@gmail.com,9357306740,Cainfurt,2021-05-05
TKIJVOGD,Aaron Zimmerman,aaronzimmerman@example.us,3665684744,West Josephport,
FUOYZRIK,Ryan Moore,ryanmoore@gmail.net,8485755841,New Rebeccaburgh,2020-11-23
W2CKH2I4,Steve Hamilton,stevehamilton@example.net,4992373203,Hoganberg,2025-03-10
GXZ4AP6E,Timothy Hunt,timothyhunt@outlook.org,+11484537528,North Monica,2025-06-01
YWAOK1JH,Nicole Moore,nicolemoore@gmail.com,2492749230,Port Marymouth,2022-05-11
FD7ZG1NR,Beverly Rivera,beverlyrivera295@outlook.org,7175218266,Kimberlyville,2022-08-25
OADA718U,Erik Stone,erikstone116@gmail.org,3779125248,Darrellhaven,2024-09-10
Z6D0D4JT,Erin Craig,erincraig764@gmail.com,3154793425,Lake Samanthaland,2022-08-28
85QYTXZQ,Jennifer Rollins,jenniferrollins@yahoo.net,7707409216,Harrellstad,2021-01-27
Z1V8EG8E,Angela Richardson,angelarichardson@example8.net,3674909065,North Pamelastad,2024-02-14
PQHLABB9,Leslie Klein,leslieklein@hotmail.co,4404721579,Hutchinsonmouth,2022-01-31
SJKW7IO0,Amber Williams,amberwilliams391@yahoo15.com,6237812673,West Dawntown,2023-03-19
IQTVFCLW,Garrett Williams,garrettwilliams@outlook.us,5677004378,West Nathanielfurt,2021-07-04
B0Y4454H,Michael Webster Jr.,michaelwebsterjr867@yahoo.com,3521247490,Yatesfurt,2022-05-21
678NKZZQ,Sonya Hubbard,sonyahubbard@yahoo.org,4256208044,Cobbport,2022-02-13
T71KOOFC,Madison Zimmerman,,+15151088181,Debraburgh,2021-07-25
LT7J0QEB,Lisa Chavez,lisachavez@hotmail.net,4034222027,lake julie,2025-01-30
A75PC0PF,Frances Moore,francesmoore@hotmail.com,5348782530,New Christinashire,2020-10-11
UUIMU02F,David Parker,davidparker@gmail.us,7439939350,New Nicholas,2023-05-28
0RT9JM8U,Joshua Frank,joshuafrank@gmail.org,1963732314,Davidville,2023-05-10
0E1X0XP1,Miss Jessica Bell,missjessicabell119@outlook.org,+18743756507,North Ashleyview,2021-02-03
0TC1P1KZ,Joshua Brown,joshuabrown@gmail10.com,3692857421,Hernandezview,2024-01-15
IT4VGS9H,Carla Green,carlagreen@gmail.co,6147284686,Hernandezville,2020-09-23
8Z708G51,Julie Baker,juliebaker769@outlook.net,2727704258,Kerrport,2024-03-20
C8CYO8QO,William Morales,williammorales@outlook.us,9939431876,East Tammy,2023-05-25
NRQ67HL0,Daniel Parsons,danielparsons213@hotmail.com,8848826031,Port Larrybury,2021-08-27
DPKU5VPE,Sarah Kim,sarahkim@example.org,3434317138,West Susanburgh,2021-01-28
J2FO5Y9B,James Smith,jamessmith@example.us,+13168145523,North Cynthialand,2022-09-27
YZM38ZIL,Mary Dominguez,marydominguez@outlook17.net,6192591797,East Allisonhaven,2023-04-02
IVB11RON,Matthew Holmes,matthewholmes666@yahoo.us,9707968280,West Albert,2025-07-14
D6FU9LMO,Juan Carter,juancarter@hotmail.com,6414325631,Mayland,2021-04-28
5P4PJAQ3,Ronald Morales,ronaldmorales@yahoo.co,2421355402,North Thomas,2022-10-11
VHFQ8KOA,Andrew Jones,andrewjones@example.co,7162576849,West Amandaville,2023-08-30
1UCE1LK4,David Dominguez,daviddominguez@gmail.net,6263581773,East Jonathanland,2022-03-24
SUQ989TT,Cassandra Singh,cassandrasingh@yahoo.org,3893545262,Veronicaport,2021-09-23
3JXTOWML,Keith Shannon Dvm,keithshannondvm588@outlook.com,4323646885,South Elizabethland,2023-03-12
H2MNFLKM,Jocelyn Jarvis,jocelynjarvis354@example.us,6212506135,Morrisonchester,2024-07-08
2QNPMYTR,Todd Juarez,toddjuarez@gmail.net,6661286222,Manningborough,2021-05-06
YARC9H3F,Veronica Kim,veronicakim596@hotmail.us,7064724423,North Anthonyside,2022-08-28
GFTXBLA4,Sharon Jackson Dds,sharonjacksondds@gmail.co,9801039376,michealhaven,2023-06-30
TL3FLROY,Stacy Cunningham,stacycunningham@example.us,8899347634,West Rick,2024-10-08
SOY68WJO,Eugene Graves,eugenegraves430@example.net,9754897247,Phamfurt,2025-01-26
OO0JO46F,Dennis Fletcher,dennisfletcher@outlook.net,NONE,East Diana,2025-02-21
VGJT69G5,Rhonda Garza,rhondagarza@hotmail.com,2805497298,Jeffreytown,2023-07-07
5H5HQ5MH,Chelsea Stafford,chelseastafford169@hotmail.co,+12512613211,Dianeborough,2021-03-24
VKQC7TTN,Patricia Ferguson,patriciaferguson@hotmail.co,+16677796727,Port Elizabethhaven,2023-02-27
ETT19EJ1,Bonnie Pearson,bonniepearson358@gmail.co,6364147188,Lisashire,2024-07-19
S482GN86,Mary Hayes,maryhayes@example.org,8299791203,North Kennethview,2023-12-15
MYCXZTQV,Wendy Tran,wendytran@hotmail.net,8157931167,Eugeneton,2020-10-25
6UOQ82YU,Robin Hamilton,robinhamilton@example.org,7293646845,Dianaport,2021-10-09
PJT9MLNR,Kathryn Scott,kathrynscott407@yahoo.us,5243247833,Garyville,2024-03-08
MKUUYLRZ,Andres Colon,andrescolon@example5.us,6967434798,Nicolechester,2024-08-23
UWZGI81F,Lauren Clark,laurenclark51@outlook.com,1785815002,Lake Nancyhaven,2021-02-12
ZNKC35FS,William Walker,williamwalker@hotmail.com,6306416305,Leshire,2022-07-09
83ULIAN3,Joe Montoya,joemontoya587@yahoo.com,+16235974625,East Whitneyhaven,2025-05-08
YWDKXZ23,Shawn Allen,shawnallen352@gmail.org,2987906010,joshuachester,2023-07-31
QS50WO33,Julia Miller,juliamiller@yahoo.org,9321894056,New Joyce,2022-05-26
FV9RBYHT,Sarah Thompson,sarahthompson@hotmail.org,7436823752,West Kellymouth,2024-10-01
34MS0FUH,Andrew Schultz,andrewschultz@outlook.org,7178393478,South Aliciastad,2025-01-13
PUQB73F3,Cameron Haney,cameronhaney67@gmail.co,8623779835,Martinezview,2025-07-10
4DR9CZHE,Joshua Barrett,joshuabarrett@outlook.org,5863641434,Marychester,2024-05-15
1TUT71GM,Christopher Smith,christophersmith339@hotmail.org,3147255950,Byrdport,2022-04-02
BPJ62T3W,Benjamin Pollard,benjaminpollard760@example.us,2613479180,Port Christopherhaven,2024-10-02
8YAJ6W7K,Justin Miller,justinmiller@example.org,9713273178,Melissamouth,2025-05-30
XYXSTNJI,Dustin Crawford,dustincrawford@yahoo20.com,8697976644,Robertsmouth,2023-01-18
4Z5OG9QS,Richard Robles,richardrobles71@gmail.co,7888966001,New Richard,2024-07-15
QGW4LLSD,Dr. David Guzman,drdavidguzman@gmail.net,2419593175,Leeshire,2025-05-06
N92UM5PQ,Virginia Dunlap,virginiadunlap220@hotmail.co,1922737697,Sabrinashire,2023-10-29
Z1TFETAX,Janet Schneider,janetschneider@yahoo.org,4073695673,Port Theresaberg,2024-08-30
U7YWNX63,Steven Walker,stevenwalker@hotmail.co,1537229780,New Brianbury,2021-03-01
BTZFFLN9,Jennifer Holmes,jenniferholmes@yahoo.us,8653825207,Carlosburgh,2024-01-19
WKAAW5F4,Robert Morris,robertmorris@outlook.org,8133737298,New Andrew,2025-05-04
47057KFI,Michael Chase,michaelchase@gmail.org,6936613495,North Jessicaberg,2024-05-30
W03Y3YVX,Brandon Hall,brandonhall234@gmail.co,7158547204,Gomezmouth,2023-03-24
4NK4VJQS,Stephanie Cooper,stephaniecooper@gmail17.org,+12073763103,East Duanefort,2022-02-09
JUVK6W2Z,John Rodgers,johnrodgers@yahoo.us,3562559844,New Mariaville,2020-10-25
D72UQ9MY,Ross Lindsey,rosslindsey@yahoo.net,4572685080,South Wesley,
F93GLJO6,Katie Buchanan,katiebuchanan@yahoo.org,3452587707,East Patriciaburgh,2022-02-20
FGW8ZGT3,Deborah Nguyen,deborahnguyen687@hotmail18.us,2366809698,Lindseyburgh,2025-01-01
EVUS3QBQ,Anne Lowe,annelowe@outlook.org,6125078924,North Garrettberg,2022-02-05
YOSYJCTN,Jillian Rodriguez,jillianrodriguez@example.com,8708325122,South Brittanyside,2024-05-01
3MPJ98JU,Elizabeth Hancock,elizabethhancock@outlook16.co,6307351435,New Ernestside,2023-03-27
JEBJNGDU,Mr. William Meyers,mrwilliammeyers@hotmail.net,6449015151,jonesville,2024-06-09
7JOFWQ1B,Brian Davis,briandavis@hotmail.com,+14501948893,Krauseberg,2022-02-05
H5QB93KC,Kaylee Ritter,kayleeritter431@outlook.com,7312481162,Craigview,2023-06-20
DK155CU9,Jessica Allen,jessicaallen@hotmail.co,8789129064,Douglasshire,2021-03-02
AIVGIJYA,Jose Carter,josecarter67@example.co,6854059669,lake david,2022-10-26
HNW2JVNQ,Allison Murphy,allisonmurphy@yahoo3.us,9965238094,Coxfort,2020-12-19
23Q7YHUV,Kevin Brown,kevinbrown@yahoo17.us,6574437878,Padillaborough,2021-12-14
7I68SAUN,Chelsea Foster,chelseafoster@hotmail.us,2615579734,Gregoryview,2020-12-20
1Z2WU0HM,Michael Warren,michaelwarren470@yahoo.org,4133167867,Lake Derek,2024-04-20
0KDUC9YJ,Curtis Gibson,curtisgibson@gmail11.org,1397649059,North Keith,2021-12-17
5YA8X0A5,Laura Johnson,laurajohnson761@hotmail.org,2095139038,Dianamouth,2024-08-31
86V7FXTK,John Brown,johnbrown@example.us,1142818863,Kellieport,2021-08-31
S6LXAI26,Justin Jackson,justinjackson262@outlook.us,7786802104,New Donaldchester,2022-08-05
7TUCZZ55,Jason Mccann,jasonmccann790@gmail.us,NONE,New Thomasport,2021-06-24
I1IV5YZQ,Christy Chavez,christychavez@outlook.us,NONE,Danielton,2021-05-12
MY0FPQE6,Kristin Johnson,kristinjohnson@example.co,7465699473,Burkehaven,2020-11-09
727TMGZA,Gregory Bernard,gregorybernard@outlook16.net,8669864045,North Matthew,2022-02-26
6D40MJE4,Jenna Bailey,jennabailey@outlook.co,8902995072,Samanthaville,2022-10-28
CSE4U2J9,Philip Lawrence,philiplawrence@outlook.org,9385719607,Codyland,
80YX9FH1,Daniel Gray,danielgray@example.co,3667012358,New Sherry,2024-08-13
GQBLQ7TW,Paul Guerrero,paulguerrero@hotmail.us,3312642964,East Teresaberg,2025-07-18
5Z3ZC7U1,Darin Daniels Dvm,darindanielsdvm471@example.us,2701234189,North Blake,2020-12-16
IV8G77C8,Cynthia Obrien,,1056744898,Lewischester,2024-07-14
3VWS2QJE,Kimberly Wolf,kimberlywolf120@hotmail.us,+11072594655,Hernandezport,2021-01-22
3XRISJI5,Sherri Flores,sherriflores@example.com,1882332840,Dayton,
7NTLP5LM,Mrs. Kathryn Small,mrskathrynsmall@outlook20.com,8276955679,Port Kellyburgh,2023-05-17
C5BNGNRZ,Carlos Caldwell,carloscaldwell@gmail.com,7531907597,East Amandaport,2025-05-21
8NM2P9WF,Jeremy Williams,jeremywilliams@outlook.co,+19199645534,Hallview,2021-12-29
1GHAC8O4,Roger Rogers,rogerrogers@example16.org,2634945690,Port Williamton,2021-05-13
RGSTCNLX,Charles Carrillo,charlescarrillo@gmail.net,7631838893,Wardhaven,2021-04-16
9MTE3MPS,Jacob Trevino,jacobtrevino@example.us,1227927738,North Tracie,2025-02-08
K0GX62LH,Daniel Spears,danielspears@hotmail3.us,4861896787,Normanfurt,2024-07-07
A7HSU441,Sierra Dorsey,sierradorsey963@example.com,8457282266,Williamstown,2025-04-29
KN77HL2J,Shawn Tyler Md,shawntylermd@example.co,1571634831,Williamsland,2022-09-06
1299MWAS,Matthew Stout,matthewstout@outlook8.com,2085203418,Fieldsport,2022-10-29
TTWP62RZ,Danielle Johnston,daniellejohnston@hotmail15.us,5025918168,Dawsonfort,2021-08-30
EW56NPMY,Brandon Roberts,brandonroberts686@yahoo.org,+13506134532,Lake Andrewview,2021-02-14
TVHMNO8C,Stephen Williams,stephenwilliams533@outlook.net,1171192125,Bakerside,2021-08-31
L3DIMGOI,Sherry Grant,sherrygrant@yahoo.org,1913796213,Hancockborough,2021-02-17
7UVWWBBB,Johnathan Rivera,johnathanrivera523@hotmail.com,6994455812,Port Anthony,2020-11-05
2XP304P0,Steven Smith,stevensmith@hotmail11.org,+16122472007,Lisaberg,2024-11-16
HACYGXP1,Bobby Odom,bobbyodom@hotmail.co,4905006914,South Rachelborough,2023-04-04
6SQNN2XZ,Steven Flores,stevenflores200@example.co,2853101350,Rodriguezshire,2023-07-16
JRMRKHXX,Douglas Buchanan,douglasbuchanan715@outlook.co,+19084775517,thompsonborough,2025-02-04
K1RZTNPT,Joshua Walker,joshuawalker@gmail.com,2229587771,East Kaylaland,2022-04-07
NK0B6WDJ,Thomas Roberts,thomasroberts561@gmail.org,5893983245,Knightchester,2023-07-15
NU5JM44U,Kathy Clark,kathyclark@gmail6.us,5397576029,Chanstad,2023-05-18
00134CHJ,Paul Hall,paulhall210@outlook6.com,4811939548,Gibsonfurt,2023-02-07
1BK6QVTT,Laura Miller,lauramiller@example.us,6377536897,mcbridemouth,2020-12-02
HOIAZ848,James Quinn,jamesquinn@example18.net,4879106369,Mackenzieberg,2022-01-12
FJLZ1FZR,Michael Martinez,michaelmartinez636@outlook5.us,NONE,Lake Emilyville,2024-01-21
HM6G7WUC,Melissa Harris,melissaharris@gmail.com,8896679382,West Josephbury,2024-01-27
6NGMK2HP,Zachary Miller,zacharymiller@yahoo.us,NONE,Barajastown,2023-08-23
BJMZCEK0,Christine Stout,,9095252694,Normanborough,2022-03-18
IA9DRXIW,Gabriel Kerr,gabrielkerr601@yahoo.org,8556044353,South Garystad,2022-03-03
H8G4D6P2,Pamela Strong,pamelastrong261@yahoo.org,9762613040,Lisamouth,2023-07-18
GMJQ0QPN,Ryan Guerrero,ryanguerrero@gmail6.org,6953941459,South Austin,2025-02-04
LF02NRUQ,Terry Murray,terrymurray155@gmail18.org,6232583730,South Gregoryside,2025-06-30
AD7VN4JK,Deborah Ritter,deborahritter525@yahoo15.co,+16283952855,Lake Evan,2020-12-19
DDE6GKNO,Michelle Ford,michelleford@example11.us,6783857910,South Nicholas,2024-10-10
GBWUWRC1,Gerald Chapman,geraldchapman@gmail.co,+17014995629,Kimberlyville,2024-08-23
JSUOV7JH,Brittany Henry,brittanyhenry@gmail.net,8383614160,north melissamouth,2024-02-03
IZI3I2O6,Thomas Thomas,,+16237763830,North Dylan,2024-10-27
C4NAV7W2,Linda Becker,lindabecker@gmail.com,8898278607,Alejandroton,2022-10-27
ACN1D0SR,Morgan York,,5642189762,Debrafurt,2024-10-28
3HBJOQX1,Angelica Stewart,angelicastewart@yahoo.com,1844464354,Lake Courtneyland,2024-10-06
8KJKDOVL,Caleb Acosta,calebacosta@example.com,6452353468,Apriltown,2021-02-07
5DV8P0VK,Tonya Roberts,tonyaroberts94@gmail.net,6571996006,South Bettyport,2024-10-02
S6FU0RBU,Terri Lindsey,terrilindsey289@outlook.us,3451038538,South Jillmouth,2020-11-17
F6M8OFZG,Kimberly Harper,kimberlyharper515@example.us,9517003831,Lake Kathleenshire,2023-08-09
CHBCCPI9,Tiffany Mcmillan,tiffanymcmillan@example.us,2662757061,North Brenda,2021-07-01
E3RXWIRU,Danielle Richardson,daniellerichardson510@yahoo.com,2227022197,Gonzalezshire,2023-09-20
81EMHWY9,Becky Murillo,beckymurillo@example.com,+17715763627,South Shelleyshire,2023-11-20
3I9L0OUR,Kelly Howard,kellyhoward14@gmail.co,8498831446,Christopherland,2023-06-23
76FCV6DO,Shari Deleon,sharideleon@example.org,2664565456,New Richard,2025-03-29
ZCYVFJBK,Jaime Jones,jaimejones917@outlook.net,+16963442160,North Robertside,2023-06-13
MWQRNI1I,Thomas Andrade,thomasandrade@yahoo.co,+15703744207,Johnshire,2020-11-02
W2AGCGYT,Benjamin Zuniga,benjaminzuniga@outlook.net,7749201593,West Iantown,2021-05-10
PNUVNG5F,Daniel Young,danielyoung749@yahoo.net,9662537865,Wrightland,2022-11-13
J3EFHCN1,Allison Castro,allisoncastro@outlook.co,6693064507,south williammouth,2022-11-25
4NLWLTTL,Mrs. Elizabeth Rodriguez,mrselizabethrodriguez@example.co,3736277409,Amytown,2025-08-14
TN5HAUSW,Rebecca Mata,rebeccamata@outlook.co,8377763271,Spencerside,2023-01-21
8YPK02NB,Travis Parks,travisparks@gmail.org,NONE,Port Robert,2022-10-26
PLKMOOP7,Jennifer Avery,jenniferavery@yahoo.net,7356872673,Armstrongborough,2022-12-14
FB5CP139,Melissa Braun,melissabraun@outlook.us,1608535237,Patriciaview,2020-10-26
QP34RIN1,Kelly Davidson,,+14129313976,Melissaton,2023-03-29
518UQ0RM,Earl Figueroa,earlfigueroa886@outlook.us,8193121708,Jacksonfort,2025-04-03
BJM5ROBH,Paul Sweeney,paulsweeney@hotmail13.co,8683731158,New Nicole,2023-01-23
DMGFR1O1,Michael Butler,michaelbutler@hotmail.us,NONE,West Saraland,2022-10-25
PD2UW4QF,Molly Robertson,mollyrobertson@outlook.net,1735394044,South Michelleburgh,2025-06-19
B9PK06P4,Jennifer Johnston,jenniferjohnston@hotmail.com,5785227640,West Keith,2024-12-17
SXZJE1JD,Jamie Thompson,jamiethompson@hotmail.net,6686646241,Douglasstad,2023-03-23
QVGITJLW,Wendy Smith,wendysmith755@example15.net,1536745541,East Ginabury,2023-12-24
B87QQF51,Mrs. Michele Clark,mrsmicheleclark@yahoo9.com,5626521561,South Denise,2025-01-11
I4NEDNLA,Tammy Lane,tammylane@hotmail.com,5449227599,South Zachary,2023-06-27
6OEYNPRY,Kathleen Smith,kathleensmith@example4.com,6545802025,East Amandamouth,2022-10-10
PRT6B849,Rachel Graham,rachelgraham@hotmail.us,+18843247914,North Kellyshire,2022-06-05
D7MCFV3B,Laura Smith,laurasmith@hotmail.com,4997715326,lake amberfort,2021-01-27
U2YBBEQ8,Matthew Chung,matthewchung@hotmail.co,5227103215,Rileystad,2025-01-04
DEYNQANN,Joshua Andersen,joshuaandersen@example.com,4524169753,Nicolefort,2025-03-30
JNKGTG7B,Diane Smith,dianesmith590@gmail.com,+14601435046,Yeseniamouth,2021-03-31
1OZ9K0L1,Teresa Bowman,teresabowman@yahoo.org,7598117571,east antoniohaven,2020-09-11
G3T3XSYG,Terri Webster,terriwebster@example18.net,9322302141,Lake Juanview,2025-02-17
X1IQ181R,Jean Welch,jeanwelch@outlook18.co,2089581807,Mayertown,2023-07-09
MR7XNSE9,Charles Gibson Jr.,charlesgibsonjr@example.co,4031711073,Brookstown,2023-05-13
A21M9YW3,Peter Johnson,peterjohnson@hotmail.com,+15503295552,South Alicia,2022-06-25
3PGQDUS8,Jeffrey Jordan,jeffreyjordan@gmail16.co,+12931587271,North Aprilfort,2025-01-13
9SR0OI5O,Jose Hanson,josehanson898@hotmail10.us,8676281917,West Michael,2023-12-21
FJORK5OJ,Carlos Dean,carlosdean@example.us,1363435784,east yvonnehaven,2023-02-12
496H1X1O,Jack White,jackwhite@gmail.net,9899549166,south amanda,2021-08-22
KD5IWG9I,Hunter Robinson,hunterrobinson@yahoo.co,9125604540,New Amandatown,2022-08-12
